{
    "payout_addresses" : {
	    "12aU1XRkD8FeQhqk6AG7eTuY5QKYEFbUu6" : {
            "name": "LONGPOOL",
            "link": "http://longpool.crypton.cf/"
        },
            "19WQ3gsThac4TSNAoNNWoovDoUrczMmzJu" : {
            "name": "longpool",
            "link": "http://longpool.crypton.cf/"
        },
	    "1EcU8XUREV9xAAuM1T8uB8ov5GhDg2g36e" : {
            "name": "MNSHARE",
            "link": "https://mnshare.info/"
        },
	    "1K4dhWofa7Nw3wYtCymTcRofGrhCREoakq" : {
            "name": "LePool",
            "link": "http://www.lepool.com.cn:8090/"
        },
	    "155JJBLbqyZL3W1oZuTbB2APwHe9VyffPv" : {
            "name": "LePool",
            "link": "http://www.lepool.com.cn:8090/"
        },
	    "155utTVadzjyLcJQBrwv6GuKdVsGgvrycK" : {
            "name": "ANOMP",
            "link": "http://anomp.com/"
        },
	    "1JcUGed3vcQR68aSzVVzQk3b8DAGg9NvPH" : {
            "name": "ANOMP",
            "link": "http://anomp.com/"
        },
	    "1F8gLjjSCCBxAwQuSLtCZiYoQKugPKJiK" : {
            "name": "ANOMP",
            "link": "http://anomp.com/"
        },
	    "1H16MFQQRwowxPm5Hu4bEsHa3qKiwzVvrV" : {
            "name": "ASICBIT",
            "link": "https://asicbit-pool.ru/"
        },
	    "125pojFgDLcvq4e65waFrKQS3UMrJvzWkR" : {
            "name": "ASICBIT",
            "link": "https://asicbit-pool.ru/"
        },
	    "12BRkUrBys1JjhdkAM2xiugUqHYKSHWHL6" : {
            "name": "ASICBIT",
            "link": "https://asicbit-pool.ru/"
        },
	    "1Q1E6uPNeLL85fcmVXLLKWC5t1Zd5CeMrZ" : {
            "name": "MININGPOOL",
            "link": "https://mining-pool.online/"
        },
	    "1D44eXH2eehv2C1kNh5DBbTJQsbKVDnMXL" : {
            "name": "LONGNOMP",
            "link": "https://longnomp.crypton.cf"
        }
    },

    "coinbase_tags" : {
        "longpool": {
            "name": "LONGPOOL",
            "link": "http://longpool.crypton.cf/"
        },
        "mnshare": {
            "name": "MNSHARE",
            "link": "https://mnshare.info/"
        },
        "lepool": {
            "name": "LePool",
            "link": "http://www.lepool.com.cn:8090/"
        },
        "anomp": {
            "name": "ANOMP",
            "link": "http://anomp.com/"
        },
        "asicbit": {
            "name": "ASICBIT",
            "link": "https://asicbit-pool.ru/"
        },
        "minigpool": {
            "name": "MININGPOOL",
            "link": "https://mining-pool.online/"
        },
        "longnomp": {
            "name": "LONGNOMP",
            "link": "https://longnomp.crypton.cf"
        },
        "zergpool.com": {
            "name": "ZERGPOOL",
            "link": "https://zergpool.com/"
        },
        "PoolMine.xyz": {
            "name": "POOLMINE",
            "link": "https://poolmine.xyz/"
        }
    }
}
